,Filename,Category
0,Img1137.jpg,Teenagers
1,Img3633.jpg,Toddler
2,Img1474.jpg,Toddler
3,Img3459.jpg,Adults
4,Img5578.jpg,Teenagers
5,Img5052.jpg,Adults
6,Img1794.jpg,Toddler
7,Img6559.jpg,Teenagers
8,Img5086.jpg,Toddler
9,Img1401.jpg,Adults
10,Img3550.jpg,Teenagers
11,Img5747.jpg,Toddler
12,Img1283.jpg,Adults
13,Img3603.jpg,Adults
14,Img1806.jpg,Adults
15,Img1153.jpg,Adults
16,Img1370.jpg,Teenagers
17,Img5335.jpg,Toddler
18,Img1038.jpg,Teenagers
19,Img6068.jpg,Teenagers
20,Img4628.jpg,Teenagers
21,Img2294.jpg,Adults
22,Img5140.jpg,Adults
23,Img2192.jpg,Teenagers
24,Img1716.jpg,Adults
25,Img1444.jpg,Adults
26,Img4105.jpg,Teenagers
27,Img1389.jpg,Toddler
28,Img2090.jpg,Adults
29,Img3128.jpg,Adults
30,Img1288.jpg,Toddler
31,Img5656.jpg,Toddler
32,Img6871.jpg,Adults
33,Img1248.jpg,Toddler
34,Img1093.jpg,Teenagers
35,Img3051.jpg,Adults
36,Img4982.jpg,Adults
37,Img1403.jpg,Adults
38,Img3657.jpg,Toddler
39,Img6051.jpg,Adults
40,Img2151.jpg,Teenagers
41,Img1488.jpg,Teenagers
42,Img3429.jpg,Adults
43,Img1338.jpg,Toddler
44,Img3171.jpg,Teenagers
45,Img2447.jpg,Teenagers
46,Img1631.jpg,Adults
47,Img3942.jpg,Adults
48,Img1388.jpg,Adults
49,Img2018.jpg,Toddler
50,Img1541.jpg,Adults
51,Img1115.jpg,Teenagers
52,Img1797.jpg,Teenagers
53,Img2301.jpg,Toddler
54,Img2426.jpg,Adults
55,Img2369.jpg,Toddler
56,Img1154.jpg,Toddler
57,Img1331.jpg,Teenagers
58,Img2196.jpg,Adults
59,Img1654.jpg,Toddler
60,Img1780.jpg,Adults
61,Img7681.jpg,Adults
62,Img2255.jpg,Teenagers
63,Img1020.jpg,Adults
64,Img2270.jpg,Teenagers
65,Img1156.jpg,Teenagers
66,Img2235.jpg,Teenagers
67,Img2227.jpg,Toddler
68,Img3120.jpg,Adults
69,Img2485.jpg,Teenagers
70,Img7678.jpg,Teenagers
71,Img1304.jpg,Toddler
72,Img1157.jpg,Adults
73,Img1109.jpg,Teenagers
74,Img1728.jpg,Teenagers
75,Img1484.jpg,Toddler
76,Img3142.jpg,Adults
77,Img2586.jpg,Adults
78,Img3835.jpg,Teenagers
79,Img3881.jpg,Adults
80,Img2145.jpg,Teenagers
81,Img1850.jpg,Adults
82,Img6695.jpg,Adults
83,Img2220.jpg,Toddler
84,Img1864.jpg,Teenagers
85,Img1928.jpg,Adults
86,Img2073.jpg,Teenagers
87,Img2524.jpg,Toddler
88,Img1704.jpg,Teenagers
89,Img2363.jpg,Teenagers
90,Img2267.jpg,Toddler
91,Img7867.jpg,Teenagers
92,Img1001.jpg,Toddler
93,Img1337.jpg,Adults
94,Img2885.jpg,Adults
95,Img5667.jpg,Adults
96,Img1286.jpg,Adults
97,Img2465.jpg,Adults
98,Img3114.jpg,Teenagers
99,Img4328.jpg,Adults
100,Img3211.jpg,Toddler
101,Img1136.jpg,Teenagers
102,Img1621.jpg,Adults
103,Img5128.jpg,Adults
104,Img2311.jpg,Toddler
105,Img3148.jpg,Toddler
106,Img3081.jpg,Toddler
107,Img3606.jpg,Teenagers
108,Img2247.jpg,Adults
109,Img2940.jpg,Teenagers
110,Img2229.jpg,Toddler
111,Img2316.jpg,Toddler
112,Img6122.jpg,Adults
113,Img2618.jpg,Adults
114,Img1875.jpg,Adults
115,Img4218.jpg,Adults
116,Img3922.jpg,Adults
117,Img2351.jpg,Teenagers
118,Img2216.jpg,Adults
119,Img1647.jpg,Teenagers
120,Img2228.jpg,Adults
121,Img7126.jpg,Adults
122,Img1989.jpg,Adults
123,Img5705.jpg,Toddler
124,Img1981.jpg,Toddler
125,Img2125.jpg,Adults
126,Img1753.jpg,Adults
127,Img3660.jpg,Teenagers
128,Img2155.jpg,Adults
129,Img2055.jpg,Teenagers
130,Img3741.jpg,Teenagers
131,Img1925.jpg,Adults
132,Img2154.jpg,Adults
133,Img1787.jpg,Toddler
134,Img4163.jpg,Teenagers
135,Img1740.jpg,Toddler
136,Img1186.jpg,Toddler
137,Img1415.jpg,Teenagers
138,Img5066.jpg,Adults
139,Img6153.jpg,Adults
140,Img1212.jpg,Adults
141,Img7560.jpg,Adults
142,Img2445.jpg,Toddler
143,Img5336.jpg,Adults
144,Img3026.jpg,Teenagers
145,Img1562.jpg,Toddler
146,Img3669.jpg,Teenagers
147,Img4606.jpg,Toddler
148,Img1090.jpg,Teenagers
149,Img3034.jpg,Adults
150,Img3931.jpg,Adults
151,Img1823.jpg,Adults
152,Img1439.jpg,Teenagers
153,Img2134.jpg,Toddler
154,Img3096.jpg,Adults
155,Img2704.jpg,Adults
156,Img2286.jpg,Teenagers
157,Img4179.jpg,Toddler
158,Img2190.jpg,Adults
159,Img1546.jpg,Adults
160,Img3823.jpg,Teenagers
161,Img1064.jpg,Toddler
162,Img6376.jpg,Teenagers
163,Img7345.jpg,Adults
164,Img2863.jpg,Toddler
165,Img7195.jpg,Adults
166,Img1310.jpg,Teenagers
167,Img2954.jpg,Adults
168,Img3413.jpg,Teenagers
169,Img4339.jpg,Adults
170,Img6454.jpg,Teenagers
171,Img3374.jpg,Teenagers
172,Img3222.jpg,Adults
173,Img1393.jpg,Teenagers
174,Img2454.jpg,Teenagers
175,Img2046.jpg,Teenagers
176,Img6896.jpg,Teenagers
177,Img1569.jpg,Adults
178,Img3024.jpg,Teenagers
179,Img7976.jpg,Teenagers
180,Img5768.jpg,Adults
181,Img1776.jpg,Toddler
182,Img1298.jpg,Adults
183,Img1122.jpg,Teenagers
184,Img1844.jpg,Teenagers
185,Img2297.jpg,Toddler
186,Img5182.jpg,Teenagers
187,Img6426.jpg,Adults
188,Img1025.jpg,Toddler
189,Img1847.jpg,Adults
190,Img1746.jpg,Toddler
191,Img1771.jpg,Adults
192,Img7683.jpg,Toddler
193,Img6057.jpg,Teenagers
194,Img3382.jpg,Toddler
195,Img3350.jpg,Toddler
196,Img1909.jpg,Teenagers
197,Img2967.jpg,Adults
198,Img1931.jpg,Adults
199,Img3907.jpg,Adults
200,Img1839.jpg,Teenagers
201,Img1628.jpg,Toddler
202,Img4549.jpg,Toddler
203,Img2813.jpg,Adults
204,Img5576.jpg,Adults
205,Img1311.jpg,Toddler
206,Img1922.jpg,Adults
207,Img1915.jpg,Teenagers
208,Img2642.jpg,Toddler
209,Img6615.jpg,Toddler
210,Img2082.jpg,Adults
211,Img3740.jpg,Teenagers
212,Img1182.jpg,Adults
213,Img5456.jpg,Adults
214,Img1573.jpg,Adults
215,Img3194.jpg,Adults
216,Img1270.jpg,Teenagers
217,Img1168.jpg,Toddler
218,Img2924.jpg,Adults
219,Img6458.jpg,Adults
220,Img2406.jpg,Adults
221,Img5694.jpg,Adults
222,Img1466.jpg,Teenagers
223,Img3433.jpg,Teenagers
224,Img1971.jpg,Adults
225,Img2391.jpg,Adults
226,Img1950.jpg,Adults
227,Img1819.jpg,Teenagers
228,Img7862.jpg,Teenagers
229,Img2085.jpg,Adults
230,Img1601.jpg,Teenagers
231,Img7078.jpg,Teenagers
232,Img2501.jpg,Teenagers
233,Img2439.jpg,Toddler
234,Img1699.jpg,Adults
235,Img1175.jpg,Toddler
236,Img3978.jpg,Adults
237,Img3629.jpg,Teenagers
238,Img2365.jpg,Teenagers
239,Img3687.jpg,Teenagers
240,Img3983.jpg,Toddler
241,Img1451.jpg,Teenagers
242,Img1448.jpg,Teenagers
243,Img3496.jpg,Adults
244,Img3074.jpg,Toddler
245,Img1369.jpg,Adults
246,Img6271.jpg,Adults
247,Img3917.jpg,Adults
248,Img1535.jpg,Toddler
249,Img7243.jpg,Teenagers
250,Img2318.jpg,Teenagers
251,Img6949.jpg,Teenagers
252,Img3469.jpg,Toddler
253,Img5245.jpg,Adults
254,Img3353.jpg,Teenagers
255,Img1766.jpg,Toddler
256,Img7417.jpg,Toddler
257,Img1612.jpg,Adults
258,Img1155.jpg,Teenagers
259,Img3976.jpg,Toddler
260,Img1530.jpg,Toddler
261,Img1077.jpg,Teenagers
262,Img2672.jpg,Toddler
263,Img4513.jpg,Adults
264,Img1851.jpg,Adults
265,Img3356.jpg,Toddler
266,Img5354.jpg,Toddler
267,Img1955.jpg,Toddler
268,Img1279.jpg,Adults
269,Img1826.jpg,Toddler
270,Img1305.jpg,Adults
271,Img1792.jpg,Adults
272,Img2017.jpg,Adults
273,Img1417.jpg,Toddler
274,Img2081.jpg,Toddler
275,Img1472.jpg,Teenagers
276,Img2602.jpg,Teenagers
277,Img1114.jpg,Toddler
278,Img4934.jpg,Teenagers
279,Img1733.jpg,Teenagers
280,Img2307.jpg,Adults
281,Img1208.jpg,Adults
282,Img1811.jpg,Teenagers
283,Img2629.jpg,Teenagers
284,Img1073.jpg,Adults
285,Img1017.jpg,Toddler
286,Img2420.jpg,Teenagers
287,Img5852.jpg,Toddler
288,Img1071.jpg,Adults
289,Img1382.jpg,Teenagers
290,Img2502.jpg,Adults
291,Img1499.jpg,Toddler
292,Img3731.jpg,Adults
293,Img3247.jpg,Adults
294,Img1872.jpg,Toddler
295,Img1252.jpg,Adults
296,Img7434.jpg,Toddler
297,Img7130.jpg,Toddler
298,Img3033.jpg,Adults
299,Img2478.jpg,Adults
300,Img1183.jpg,Toddler
301,Img1360.jpg,Toddler
302,Img2061.jpg,Toddler
303,Img2685.jpg,Toddler
304,Img1868.jpg,Toddler
305,Img7147.jpg,Adults
306,Img2677.jpg,Teenagers
307,Img2455.jpg,Teenagers
308,Img4834.jpg,Toddler
309,Img2040.jpg,Teenagers
310,Img1951.jpg,Toddler
311,Img5148.jpg,Teenagers
312,Img3968.jpg,Toddler
313,Img6290.jpg,Adults
